"#","Student","Test Result","Grade","Submission Date","Evaluated"
"1","Alex Carter","0 passed of 1","0","1/22/2026, 2:57:12 PM","Test Instructor"
"2","Priya Mehta","1 passed of 1","5","1/22/2026, 3:01:30 PM","Test Instructor"
"4","Jordan Lee","1 passed of 1","5","1/22/2026, 3:30:51 PM","Test Instructor"
"5","Sam Rivera","0 passed of 1","0","1/22/2026, 3:48:47 PM","Test Instructor"
"6","Taylor Kim","Compile Error","0","1/22/2026, 3:35:25 PM","Test Instructor"
"7","Morgan Blake","1 passed of 1","5","1/22/2026, 2:50:47 PM","Test Instructor"
"8","Chris Nguyen","1 passed of 1","5","1/22/2026, 2:56:16 PM","Test Instructor"
"9","Jamie Park","1 passed of 1","5","1/22/2026, 3:16:01 PM","Test Instructor"
"10","Dana Okonkwo","1 passed of 1","5","2/2/2026, 3:50:45 PM","Test Instructor"
"11","Ravi Sharma","0 passed of 1","0","1/22/2026, 3:12:22 PM","Test Instructor"
"12","Casey Jones","1 passed of 1","5","1/22/2026, 2:56:02 PM","Test Instructor"
"13","Robin Patel","0 passed of 1","0","1/22/2026, 2:55:24 PM","Test Instructor"
"14","Avery Chen","1 passed of 1","5","1/22/2026, 3:05:42 PM","Test Instructor"
"15","Noor Hassan","1 passed of 1","5","1/22/2026, 3:30:49 PM","Test Instructor"
"16","Riley Cooper","0 passed of 1","0","1/22/2026, 3:06:31 PM","Test Instructor"
"17","Kai Tanaka","1 passed of 1","5","1/22/2026, 2:57:25 PM","Test Instructor"
"18","Mia Santos","1 passed of 1","5","1/22/2026, 3:43:45 PM","Test Instructor"
